{"slideHeight":768,
"filename":"Beispiele",
"navigatorEvents":[{"eventName":"Slide 1",
"eventIndex":0}
,{"eventName":"Slide 2",
"eventIndex":1}
,{"eventName":"Slide 3",
"eventIndex":2}
,{"eventName":"Slide 4",
"eventIndex":3}
,{"eventName":"Slide 5",
"eventIndex":4}
]
,
"textures":{"s5.a":{"url":"images-1/s4.b.jpeg",
"width":1024,
"height":768}
,
"s1.b":{"url":"images-1/s1.b.jpeg",
"width":1024,
"height":768}
,
"s4.a":{"url":"images-1/s3.b.jpeg",
"width":1024,
"height":768}
,
"s5.b":{"url":"images-1/s5.b.png",
"width":1024,
"height":768}
,
"s3.a":{"url":"images-1/s2.b.jpeg",
"width":1024,
"height":768}
,
"s4.b":{"url":"images-1/s4.b.jpeg",
"width":1024,
"height":768}
,
"s2.a":{"url":"images-1/s1.b.jpeg",
"width":1024,
"height":768}
,
"s3.b":{"url":"images-1/s3.b.jpeg",
"width":1024,
"height":768}
,
"s1.a":{"url":"images-1/s1.a.jpeg",
"width":1024,
"height":768}
,
"s2.b":{"url":"images-1/s2.b.jpeg",
"width":1024,
"height":768}
,
"thumbnail":{"url":"images-1/thumbnail.jpeg",
"width":458,
"height":344}
}
,
"title":"Beispiele",
"minorVersion":4,
"timestamp":"2013-11-11 10:43:21",
"slideWidth":1024,
"eventTimelines":[{"automaticPlay":false,
"hyperlinks":[]
,
"eventInitialStates":[{"opacity":1,
"affineTransform":[1,0,0,1,0,0]
,
"texture":"s1.b",
"hidden":0}
,{"opacity":1,
"affineTransform":[1,0,0,1,0,0]
,
"texture":"s1.a",
"hidden":0}
]
,
"eventAnimations":[{"effect":"apple:dissolve",
"actions":[{"beginTime":0,
"from":{"scalar":1}
,
"action":"opacity",
"texture":"s1.a",
"to":{"scalar":0}
,
"timingFunction":"easeInEaseOut",
"duration":1}
]
,
"duration":1,
"animationType":"transition",
"beginTime":0,
"textures":["s1.a"]
}
]
,
"textRegions":[{"targetRectangle":{"y":54,
"width":918,
"x":0,
"height":143}
,
"text":"Eine Webseite"}
,{"targetRectangle":{"y":591,
"width":708,
"x":105,
"height":143}
,
"text":"Verwenden Sie als Adresse den Link, den Sie in der Adresszeile ihres Browsers finden.\n"}
]
}
,{"automaticPlay":false,
"hyperlinks":[]
,
"eventInitialStates":[{"opacity":1,
"affineTransform":[1,0,0,1,0,0]
,
"texture":"s2.b",
"hidden":0}
,{"opacity":1,
"affineTransform":[1,0,0,1,0,0]
,
"texture":"s2.a",
"hidden":0}
]
,
"eventAnimations":[{"effect":"apple:dissolve",
"actions":[{"beginTime":0,
"from":{"scalar":1}
,
"action":"opacity",
"texture":"s2.a",
"to":{"scalar":0}
,
"timingFunction":"easeInEaseOut",
"duration":1}
]
,
"duration":1,
"animationType":"transition",
"beginTime":0,
"textures":["s2.a"]
}
]
,
"textRegions":[{"targetRectangle":{"y":54,
"width":918,
"x":0,
"height":143}
,
"text":"Ein Medium in der Uni-Bibliothek"}
,{"targetRectangle":{"y":591,
"width":708,
"x":105,
"height":143}
,
"text":"Verwenden Sie als Adresse den Link, den Sie über das Zitier-Symbol erreichen.\n"}
]
}
,{"automaticPlay":false,
"hyperlinks":[]
,
"eventInitialStates":[{"opacity":1,
"affineTransform":[1,0,0,1,0,0]
,
"texture":"s3.b",
"hidden":0}
,{"opacity":1,
"affineTransform":[1,0,0,1,0,0]
,
"texture":"s3.a",
"hidden":0}
]
,
"eventAnimations":[{"effect":"apple:dissolve",
"actions":[{"beginTime":0,
"from":{"scalar":1}
,
"action":"opacity",
"texture":"s3.a",
"to":{"scalar":0}
,
"timingFunction":"easeInEaseOut",
"duration":1}
]
,
"duration":1,
"animationType":"transition",
"beginTime":0,
"textures":["s3.a"]
}
]
,
"textRegions":[{"targetRectangle":{"y":54,
"width":918,
"x":0,
"height":143}
,
"text":"Ein digitales Buch aus Uni-Bibliothek"}
,{"targetRectangle":{"y":591,
"width":708,
"x":105,
"height":143}
,
"text":"Verwenden Sie als Adresse den Link, den Sie unter „Volltext“ auf der Bibliotheks-Seite des Buches finden.\nBeachten Sie bitte, das der Zugriff häufig auf das Universitätsnetzwerk beschränkt ist."}
]
}
,{"automaticPlay":false,
"hyperlinks":[]
,
"eventInitialStates":[{"opacity":1,
"affineTransform":[1,0,0,1,0,0]
,
"texture":"s4.b",
"hidden":0}
,{"opacity":1,
"affineTransform":[1,0,0,1,0,0]
,
"texture":"s4.a",
"hidden":0}
]
,
"eventAnimations":[{"effect":"apple:dissolve",
"actions":[{"beginTime":0,
"from":{"scalar":1}
,
"action":"opacity",
"texture":"s4.a",
"to":{"scalar":0}
,
"timingFunction":"easeInEaseOut",
"duration":1}
]
,
"duration":1,
"animationType":"transition",
"beginTime":0,
"textures":["s4.a"]
}
]
,
"textRegions":[{"targetRectangle":{"y":54,
"width":918,
"x":0,
"height":143}
,
"text":"Ein Video - z.B. von Youtube"}
,{"targetRectangle":{"y":591,
"width":708,
"x":105,
"height":143}
,
"text":"Verwenden Sie als Adresse den Link, den Sie unter „Einbetten“ auf der Youtube-Seite des Videos finden.\n"}
]
}
,{"automaticPlay":false,
"hyperlinks":[]
,
"eventInitialStates":[{"opacity":1,
"affineTransform":[1,0,0,1,0,0]
,
"texture":"s5.b",
"hidden":0}
,{"opacity":1,
"affineTransform":[1,0,0,1,0,0]
,
"texture":"s5.a",
"hidden":0}
]
,
"eventAnimations":[{"effect":"apple:dissolve",
"actions":[{"beginTime":0,
"from":{"scalar":1}
,
"action":"opacity",
"texture":"s5.a",
"to":{"scalar":0}
,
"timingFunction":"easeInEaseOut",
"duration":1}
]
,
"duration":1,
"animationType":"transition",
"beginTime":0,
"textures":["s5.a"]
}
]
,
"textRegions":[{"targetRectangle":{"y":54,
"width":918,
"x":0,
"height":143}
,
"text":"Einen  Fahrplan einer nahen Haltestelle"}
,{"targetRectangle":{"y":591,
"width":708,
"x":105,
"height":143}
,
"text":"Verwenden Sie als Adresse den Link, den Sie in der Adresszeile ihres Browsers finden."}
]
}
]
,
"loopSlideshow":0,
"showMode":0,
"majorVersion":0,
"notes":{}
,
"creator":"Apple Keynote 5.3",
"author":"",
"comment":"",
"pageCount":5,
"scalefactor480":0.3310547,
"slideCount":5}
